Position,Name + ID,Name,ID,Roster Position,Salary,Game Info,TeamAbbrev,AvgPointsPerGame
SP,Max Fried (38979777),Max Fried,38979777,P,9700,NYY@LAA 05/28/2025 09:38PM ET,NYY,23.23
SP,Carlos Rodon (38979778),Carlos Rodon,38979778,P,9700,NYY@LAA 05/28/2025 09:38PM ET,NYY,24.06
SP,Gerrit Cole (38979779),Gerrit Cole,38979779,P,9700,NYY@LAA 05/28/2025 09:38PM ET,NYY,0
SP,Jacob deGrom (38979780),Jacob deGrom,38979780,P,9600,TOR@TEX 05/28/2025 08:05PM ET,TEX,19.21
SP,Nathan Eovaldi (38979781),Nathan Eovaldi,38979781,P,9600,TOR@TEX 05/28/2025 08:05PM ET,TEX,21.92
RP,Cody Bradford (38979782),Cody Bradford,38979782,P,9600,TOR@TEX 05/28/2025 08:05PM ET,TEX,0
SP,Logan Gilbert (38979783),Logan Gilbert,38979783,P,9500,WSH@SEA 05/28/2025 09:40PM ET,SEA,21.54
SP,Bryan Woo (38979784),Bryan Woo,38979784,P,9500,WSH@SEA 05/28/2025 09:40PM ET,SEA,21.26
SP,Shota Imanaga (38979785),Shota Imanaga,38979785,P,9300,COL@CHC 05/28/2025 08:05PM ET,CHC,15.39
SP,Justin Steele (38979786),Justin Steele,38979786,P,9300,COL@CHC 05/28/2025 08:05PM ET,CHC,16.2
SP,Hunter Greene (38979485),Hunter Greene,38979485,P,9000,CIN@KC 05/28/2025 07:40PM ET,CIN,22.15
SP,Cole Ragans (38979787),Cole Ragans,38979787,P,9000,CIN@KC 05/28/2025 07:40PM ET,KC,19.46
SP,Kris Bubic (38979788),Kris Bubic,38979788,P,9000,CIN@KC 05/28/2025 07:40PM ET,KC,22.41
RP,Seth Lugo (38979789),Seth Lugo,38979789,P,9000,CIN@KC 05/28/2025 07:40PM ET,KC,16.41
SP,Noah Cameron (38979486),Noah Cameron,38979486,P,8800,CIN@KC 05/28/2025 07:40PM ET,KC,21.23
SP,Andrew Abbott (38979790),Andrew Abbott,38979790,P,8800,CIN@KC 05/28/2025 07:40PM ET,CIN,19.09
SP,Tyler Mahle (38979487),Tyler Mahle,38979487,P,8600,TOR@TEX 05/28/2025 08:05PM ET,TEX,16.34
SP,Patrick Corbin (38979791),Patrick Corbin,38979791,P,8600,TOR@TEX 05/28/2025 08:05PM ET,TEX,13.13
SP,George Kirby (38979488),George Kirby,38979488,P,8500,WSH@SEA 05/28/2025 09:40PM ET,SEA,0.85
SP,Bryce Miller (38979792),Bryce Miller,38979792,P,8500,WSH@SEA 05/28/2025 09:40PM ET,SEA,10.51
SP,Luis Castillo (38979793),Luis Castillo,38979793,P,8500,WSH@SEA 05/28/2025 09:40PM ET,SEA,14.64
SP,Matthew Boyd (38979489),Matthew Boyd,38979489,P,8300,COL@CHC 05/28/2025 08:05PM ET,CHC,16.37
SP,Jameson Taillon (38979794),Jameson Taillon,38979794,P,8300,COL@CHC 05/28/2025 08:05PM ET,CHC,15.10
SP,Ben Brown (38979795),Ben Brown,38979795,P,8300,COL@CHC 05/28/2025 08:05PM ET,CHC,11.6
SP,Cade Horton (38979796),Cade Horton,38979796,P,8300,COL@CHC 05/28/2025 08:05PM ET,CHC,12.89
RP,Trevor Richards (38979797),Trevor Richards,38979797,P,8300,COL@CHC 05/28/2025 08:05PM ET,CHC,0
RP,Tyson Miller (38979798),Tyson Miller,38979798,P,8300,COL@CHC 05/28/2025 08:05PM ET,CHC,0
SP,Chris Flexen (38979799),Chris Flexen,38979799,P,8300,COL@CHC 05/28/2025 08:05PM ET,CHC,6.82
RP,Eli Morgan (38979800),Eli Morgan,38979800,P,8300,COL@CHC 05/28/2025 08:05PM ET,CHC,-0.64
RP,Nate Pearson (38979801),Nate Pearson,38979801,P,8300,COL@CHC 05/28/2025 08:05PM ET,CHC,-0.39
SP,Jordan Wicks (38979802),Jordan Wicks,38979802,P,8300,COL@CHC 05/28/2025 08:05PM ET,CHC,-0.55
SP,Javier Assad (38979803),Javier Assad,38979803,P,8300,COL@CHC 05/28/2025 08:05PM ET,CHC,0
RP,Colin Rea (38979804),Colin Rea,38979804,P,8300,COL@CHC 05/28/2025 08:05PM ET,CHC,11.54
SP,MacKenzie Gore (38979805),MacKenzie Gore,38979805,P,8200,WSH@SEA 05/28/2025 09:40PM ET,WSH,21.71
SP,Griffin Canning (38979490),Griffin Canning,38979490,P,8100,-,NYM,15.49
SP,Tylor Megill (38979806),Tylor Megill,38979806,P,8100,-,NYM,17.50
SP,Sean Manaea (38979807),Sean Manaea,38979807,P,8100,-,NYM,0
RP,Clay Holmes (38979808),Clay Holmes,38979808,P,8100,-,NYM,16.45
SP,Max Kranick (38979809),Max Kranick,38979809,P,8100,-,NYM,4.01
RP,Austin Warren (38979810),Austin Warren,38979810,P,8100,-,NYM,3.65
SP,Kodai Senga (38979811),Kodai Senga,38979811,P,8100,-,NYM,18.92
SP,Frankie Montas (38979812),Frankie Montas,38979812,P,8100,-,NYM,0
SP,Christian Scott (38979813),Christian Scott,38979813,P,8100,-,NYM,0
SP,Paul Blackburn (38979814),Paul Blackburn,38979814,P,8100,-,NYM,0
RP,Brandon Waddell (38979815),Brandon Waddell,38979815,P,8100,-,NYM,15.95
SP,Blade Tidwell (38979816),Blade Tidwell,38979816,P,8100,-,NYM,-7.55
SP,David Peterson (38979817),David Peterson,38979817,P,8100,-,NYM,16.83
RP,Jose Butto (38979818),Jose Butto,38979818,P,8100,-,NYM,3.57
RP,Justin Hagenman (38979819),Justin Hagenman,38979819,P,8100,-,NYM,11.7
SP,Kevin Gausman (38979820),Kevin Gausman,38979820,P,8000,TOR@TEX 05/28/2025 08:05PM ET,TOR,18.12
SP,Chris Bassitt (38979821),Chris Bassitt,38979821,P,8000,TOR@TEX 05/28/2025 08:05PM ET,TOR,16.74
SP,Jose Berrios (38979822),Jose Berrios,38979822,P,8000,TOR@TEX 05/28/2025 08:05PM ET,TOR,13.27
SP,Michael Lorenzen (38979823),Michael Lorenzen,38979823,P,8000,CIN@KC 05/28/2025 07:40PM ET,KC,12.99
SP,Michael Wacha (38979824),Michael Wacha,38979824,P,8000,CIN@KC 05/28/2025 07:40PM ET,KC,13.40
SP,Rhett Lowder (38979825),Rhett Lowder,38979825,P,7800,CIN@KC 05/28/2025 07:40PM ET,CIN,0
SP,Connor Phillips (38979826),Connor Phillips,38979826,P,7800,CIN@KC 05/28/2025 07:40PM ET,CIN,0
SP,Graham Ashcraft (38979827),Graham Ashcraft,38979827,P,7800,CIN@KC 05/28/2025 07:40PM ET,CIN,3.93
RP,Lyon Richardson (38979828),Lyon Richardson,38979828,P,7800,CIN@KC 05/28/2025 07:40PM ET,CIN,3.00
SP,Brandon Williamson (38979829),Brandon Williamson,38979829,P,7800,CIN@KC 05/28/2025 07:40PM ET,CIN,0
RP,Carson Spiers (38979830),Carson Spiers,38979830,P,7800,CIN@KC 05/28/2025 07:40PM ET,CIN,7.13
SP,Nick Lodolo (38979831),Nick Lodolo,38979831,P,7800,CIN@KC 05/28/2025 07:40PM ET,CIN,15.91
RP,Nick Martinez (38979832),Nick Martinez,38979832,P,7800,CIN@KC 05/28/2025 07:40PM ET,CIN,13.97
SP,Chase Petty (38979833),Chase Petty,38979833,P,7800,CIN@KC 05/28/2025 07:40PM ET,CIN,-6.3
SP,Brady Singer (38979834),Brady Singer,38979834,P,7800,CIN@KC 05/28/2025 07:40PM ET,CIN,13.56
SP,Julian Aguiar (38979835),Julian Aguiar,38979835,P,7800,CIN@KC 05/28/2025 07:40PM ET,CIN,0
SP,Clarke Schmidt (38979491),Clarke Schmidt,38979491,P,7700,NYY@LAA 05/28/2025 09:38PM ET,NYY,13.71
RP,Ryan Yarbrough (38979836),Ryan Yarbrough,38979836,P,7700,NYY@LAA 05/28/2025 09:38PM ET,NYY,9.22
SP,Will Warren (38979837),Will Warren,38979837,P,7700,NYY@LAA 05/28/2025 09:38PM ET,NYY,15.91
SP,Luis Gil (38979838),Luis Gil,38979838,P,7700,NYY@LAA 05/28/2025 09:38PM ET,NYY,0
SP,Michael Arias (38979839),Michael Arias,38979839,P,7700,NYY@LAA 05/28/2025 09:38PM ET,NYY,0
SP,JT Brubaker (38979840),JT Brubaker,38979840,P,7700,NYY@LAA 05/28/2025 09:38PM ET,NYY,0
SP,Marcus Stroman (38979841),Marcus Stroman,38979841,P,7700,NYY@LAA 05/28/2025 09:38PM ET,NYY,-0.13
SP,Allan Winans (38979842),Allan Winans,38979842,P,7700,NYY@LAA 05/28/2025 09:38PM ET,NYY,0
SP,Jack Leiter (38979843),Jack Leiter,38979843,P,7600,TOR@TEX 05/28/2025 08:05PM ET,TEX,11.88
SP,David Buchanan (38979844),David Buchanan,38979844,P,7600,TOR@TEX 05/28/2025 08:05PM ET,TEX,0
RP,Cole Winn (38979845),Cole Winn,38979845,P,7600,TOR@TEX 05/28/2025 08:05PM ET,TEX,4.25
SP,Jon Gray (38979846),Jon Gray,38979846,P,7600,TOR@TEX 05/28/2025 08:05PM ET,TEX,0
SP,Kumar Rocker (38979847),Kumar Rocker,38979847,P,7600,TOR@TEX 05/28/2025 08:05PM ET,TEX,4.68
RP,Shane Smith (38979492),Shane Smith,38979492,P,7500,-,CWS,15.5
RP,Martin Perez (38979848),Martin Perez,38979848,P,7500,-,CWS,13.85
SP,Davis Martin (38979849),Davis Martin,38979849,P,7500,-,CWS,11.62
SP,Jonathan Cannon (38979850),Jonathan Cannon,38979850,P,7500,-,CWS,11.72
SP,Sean Burke (38979851),Sean Burke,38979851,P,7500,-,CWS,9.97
RP,Jesse Scholtens (38979852),Jesse Scholtens,38979852,P,7500,-,CWS,0
RP,Steven Wilson (38979853),Steven Wilson,38979853,P,7500,-,CWS,2.75
RP,Tyler Gilbert (38979854),Tyler Gilbert,38979854,P,7500,-,CWS,3.25
SP,Mike Vasil (38979855),Mike Vasil,38979855,P,7500,-,CWS,4.88
SP,Jared Shuster (38979856),Jared Shuster,38979856,P,7500,-,CWS,1.72
SP,Ky Bush (38979857),Ky Bush,38979857,P,7500,-,CWS,0
SP,Bryse Wilson (38979858),Bryse Wilson,38979858,P,7500,-,CWS,2.70
SP,Adrian Houser (38979859),Adrian Houser,38979859,P,7500,-,CWS,20.8
SP,Drew Thorpe (38979860),Drew Thorpe,38979860,P,7500,-,CWS,0
SP,Nick Nastrini (38979861),Nick Nastrini,38979861,P,7500,-,CWS,0
SP,Jake Irvin (38979862),Jake Irvin,38979862,P,7200,WSH@SEA 05/28/2025 09:40PM ET,WSH,15.10
SP,Yusei Kikuchi (38979493),Yusei Kikuchi,38979493,P,7200,NYY@LAA 05/28/2025 09:38PM ET,LAA,13.66
RP,Jose Soriano (38979863),Jose Soriano,38979863,P,7200,NYY@LAA 05/28/2025 09:38PM ET,LAA,12.44
SP,Caden Dana (38979864),Caden Dana,38979864,P,7200,NYY@LAA 05/28/2025 09:38PM ET,LAA,4.15
SP,Reid Detmers (38979865),Reid Detmers,38979865,P,7200,NYY@LAA 05/28/2025 09:38PM ET,LAA,2.14
SP,Sam Aldegheri (38979866),Sam Aldegheri,38979866,P,7200,NYY@LAA 05/28/2025 09:38PM ET,LAA,0
SP,Tyler Anderson (38979867),Tyler Anderson,38979867,P,7200,NYY@LAA 05/28/2025 09:38PM ET,LAA,13.24
SP,Jack Kochanowicz (38979868),Jack Kochanowicz,38979868,P,7200,NYY@LAA 05/28/2025 09:38PM ET,LAA,9.34
SP,Kyle Hendricks (38979869),Kyle Hendricks,38979869,P,7200,NYY@LAA 05/28/2025 09:38PM ET,LAA,9
SP,Chase Silseth (38979870),Chase Silseth,38979870,P,7200,NYY@LAA 05/28/2025 09:38PM ET,LAA,0
RP,Garrett McDaniels (38979871),Garrett McDaniels,38979871,P,7200,NYY@LAA 05/28/2025 09:38PM ET,LAA,0.88
SP,Alek Manoah (38979872),Alek Manoah,38979872,P,7000,TOR@TEX 05/28/2025 08:05PM ET,TOR,0
SP,Max Scherzer (38979873),Max Scherzer,38979873,P,7000,TOR@TEX 05/28/2025 08:05PM ET,TOR,2.95
OF,Aaron Judge (38979497),Aaron Judge,38979497,OF,6600,NYY@LAA 05/28/2025 09:38PM ET,NYY,12.94
SP,Tanner Gordon (38979494),Tanner Gordon,38979494,P,6500,COL@CHC 05/28/2025 08:05PM ET,COL,13.78
OF,Kyle Tucker (38979498),Kyle Tucker,38979498,OF,6500,COL@CHC 05/28/2025 08:05PM ET,CHC,11.2
SP,Chase Dollander (38979880),Chase Dollander,38979880,P,6500,COL@CHC 05/28/2025 08:05PM ET,COL,10.35
SP,Blas Castano (38979874),Blas Castano,38979874,P,6500,WSH@SEA 05/28/2025 09:40PM ET,SEA,0
SP,Jackson Kowar (38979875),Jackson Kowar,38979875,P,6500,WSH@SEA 05/28/2025 09:40PM ET,SEA,0
RP,Jhonathan Diaz (38979876),Jhonathan Diaz,38979876,P,6500,WSH@SEA 05/28/2025 09:40PM ET,SEA,4.4
SP,Matt Brash (38979877),Matt Brash,38979877,P,6500,WSH@SEA 05/28/2025 09:40PM ET,SEA,2.96
SP,Logan Evans (38979878),Logan Evans,38979878,P,6500,WSH@SEA 05/28/2025 09:40PM ET,SEA,13.62
SP,Emerson Hancock (38979879),Emerson Hancock,38979879,P,6500,WSH@SEA 05/28/2025 09:40PM ET,SEA,7.54
SP,Trevor Williams (38979495),Trevor Williams,38979495,P,6200,WSH@SEA 05/28/2025 09:40PM ET,WSH,8.36
SP,DJ Herz (38979881),DJ Herz,38979881,P,6200,WSH@SEA 05/28/2025 09:40PM ET,WSH,0
SP,Michael Soroka (38979882),Michael Soroka,38979882,P,6200,WSH@SEA 05/28/2025 09:40PM ET,WSH,11.99
SP,Josiah Gray (38979883),Josiah Gray,38979883,P,6200,WSH@SEA 05/28/2025 09:40PM ET,WSH,0
SP,Cade Cavalli (38979884),Cade Cavalli,38979884,P,6200,WSH@SEA 05/28/2025 09:40PM ET,WSH,0
RP,Brad Lord (38979885),Brad Lord,38979885,P,6200,WSH@SEA 05/28/2025 09:40PM ET,WSH,5.41
SP,Jackson Rutledge (38979886),Jackson Rutledge,38979886,P,6200,WSH@SEA 05/28/2025 09:40PM ET,WSH,3.58
RP,Jorge Lopez (38979887),Jorge Lopez,38979887,P,6200,WSH@SEA 05/28/2025 09:40PM ET,WSH,2.35
SP,Mitchell Parker (38979888),Mitchell Parker,38979888,P,6200,WSH@SEA 05/28/2025 09:40PM ET,WSH,10.84
SS,Elly De La Cruz (38979499),Elly De La Cruz,38979499,SS,6200,CIN@KC 05/28/2025 07:40PM ET,CIN,9.96
OF,Pete Crow-Armstrong (38979500),Pete Crow-Armstrong,38979500,OF,6000,COL@CHC 05/28/2025 08:05PM ET,CHC,10.93
SP,Eric Lauer (38979496),Eric Lauer,38979496,P,6000,TOR@TEX 05/28/2025 08:05PM ET,TOR,9.87
SP,Spencer Turnbull (38979897),Spencer Turnbull,38979897,P,6000,TOR@TEX 05/28/2025 08:05PM ET,TOR,0
RP,Erik Swanson (38979898),Erik Swanson,38979898,P,6000,TOR@TEX 05/28/2025 08:05PM ET,TOR,0
RP,Braydon Fisher (38979899),Braydon Fisher,38979899,P,6000,TOR@TEX 05/28/2025 08:05PM ET,TOR,6.32
SP,Jose Urena (38979900),Jose Urena,38979900,P,6000,TOR@TEX 05/28/2025 08:05PM ET,TOR,1.47
SP,Yariel Rodriguez (38979901),Yariel Rodriguez,38979901,P,6000,TOR@TEX 05/28/2025 08:05PM ET,TOR,3.55
RP,Bowden Francis (38979902),Bowden Francis,38979902,P,6000,TOR@TEX 05/28/2025 08:05PM ET,TOR,10.1
SP,Jake Bloss (38979903),Jake Bloss,38979903,P,6000,TOR@TEX 05/28/2025 08:05PM ET,TOR,0
RP,Easton Lucas (38979904),Easton Lucas,38979904,P,6000,TOR@TEX 05/28/2025 08:05PM ET,TOR,10.16
SP,Kyle Wright (38979889),Kyle Wright,38979889,P,6000,CIN@KC 05/28/2025 07:40PM ET,KC,0
RP,Ross Stripling (38979890),Ross Stripling,38979890,P,6000,CIN@KC 05/28/2025 07:40PM ET,KC,0
SP,Jonathan Bowlan (38979891),Jonathan Bowlan,38979891,P,6000,CIN@KC 05/28/2025 07:40PM ET,KC,4.95
RP,James McArthur (38979892),James McArthur,38979892,P,6000,CIN@KC 05/28/2025 07:40PM ET,KC,0
SP,Daniel Lynch IV (38979893),Daniel Lynch IV,38979893,P,6000,CIN@KC 05/28/2025 07:40PM ET,KC,3.08
RP,Sam Long (38979894),Sam Long,38979894,P,6000,CIN@KC 05/28/2025 07:40PM ET,KC,-0.35
SP,Alec Marsh (38979895),Alec Marsh,38979895,P,6000,CIN@KC 05/28/2025 07:40PM ET,KC,0
RP,Angel Zerpa (38979896),Angel Zerpa,38979896,P,6000,CIN@KC 05/28/2025 07:40PM ET,KC,1.77
SS,Bobby Witt Jr. (38979501),Bobby Witt Jr.,38979501,SS,5900,CIN@KC 05/28/2025 07:40PM ET,KC,9.77
SS,Zach Neto (38979502),Zach Neto,38979502,SS,5800,NYY@LAA 05/28/2025 09:38PM ET,LAA,9.97
OF,Seiya Suzuki (38979503),Seiya Suzuki,38979503,OF,5700,COL@CHC 05/28/2025 08:05PM ET,CHC,10.14
SS,Francisco Lindor (38979504),Francisco Lindor,38979504,SS,5600,-,NYM,9.20
SP,Ryan Feltner (38979905),Ryan Feltner,38979905,P,5500,COL@CHC 05/28/2025 08:05PM ET,COL,9.88
RP,Austin Gomber (38979906),Austin Gomber,38979906,P,5500,COL@CHC 05/28/2025 08:05PM ET,COL,0
SP,Antonio Senzatela (38979907),Antonio Senzatela,38979907,P,5500,COL@CHC 05/28/2025 08:05PM ET,COL,3.81
SP,Kyle Freeland (38979908),Kyle Freeland,38979908,P,5500,COL@CHC 05/28/2025 08:05PM ET,COL,7.64
SP,Bradley Blalock (38979909),Bradley Blalock,38979909,P,5500,COL@CHC 05/28/2025 08:05PM ET,COL,-2.76
RP,Carson Palmquist (38979910),Carson Palmquist,38979910,P,5500,COL@CHC 05/28/2025 08:05PM ET,COL,-0.07
SP,German Marquez (38979911),German Marquez,38979911,P,5500,COL@CHC 05/28/2025 08:05PM ET,COL,4.42
OF,James Wood (38979505),James Wood,38979505,OF,5500,WSH@SEA 05/28/2025 09:40PM ET,WSH,9.94
1B,Pete Alonso (38979506),Pete Alonso,38979506,1B,5400,-,NYM,9.22
OF,Juan Soto (38979507),Juan Soto,38979507,OF,5300,-,NYM,8.26
C,Cal Raleigh (38979508),Cal Raleigh,38979508,C,5300,WSH@SEA 05/28/2025 09:40PM ET,SEA,10.17
SS,CJ Abrams (38979509),CJ Abrams,38979509,SS,5200,WSH@SEA 05/28/2025 09:40PM ET,WSH,9.61
OF,Austin Hays (38979510),Austin Hays,38979510,OF,5200,CIN@KC 05/28/2025 07:40PM ET,CIN,9.9
OF,Mike Trout (38979678),Mike Trout,38979678,OF,5200,NYY@LAA 05/28/2025 09:38PM ET,LAA,7.83
C,Carson Kelly (38979511),Carson Kelly,38979511,C,5100,COL@CHC 05/28/2025 08:05PM ET,CHC,9.36
OF,Cody Bellinger (38979512),Cody Bellinger,38979512,OF,5100,NYY@LAA 05/28/2025 09:38PM ET,NYY,8.41
OF,Julio Rodriguez (38979514),Julio Rodriguez,38979514,OF,5000,WSH@SEA 05/28/2025 09:40PM ET,SEA,8.85
1B,Ben Rice (38979513),Ben Rice,38979513,1B,5000,NYY@LAA 05/28/2025 09:38PM ET,NYY,8
SS,Dansby Swanson (38979516),Dansby Swanson,38979516,SS,4900,COL@CHC 05/28/2025 08:05PM ET,CHC,8.44
OF,Wyatt Langford (38979515),Wyatt Langford,38979515,OF,4900,TOR@TEX 05/28/2025 08:05PM ET,TEX,8.63
SS,Corey Seager (38979679),Corey Seager,38979679,SS,4900,TOR@TEX 05/28/2025 08:05PM ET,TEX,8
1B,Vladimir Guerrero Jr. (38979518),Vladimir Guerrero Jr.,38979518,1B,4800,TOR@TEX 05/28/2025 08:05PM ET,TOR,7.56
OF,Trent Grisham (38979517),Trent Grisham,38979517,OF,4800,NYY@LAA 05/28/2025 09:38PM ET,NYY,7.49
1B,Michael Busch (38979519),Michael Busch,38979519,1B,4700,COL@CHC 05/28/2025 08:05PM ET,CHC,7.23
OF,TJ Friedl (38979520),TJ Friedl,38979520,OF,4700,CIN@KC 05/28/2025 07:40PM ET,CIN,8.29
2B,Jazz Chisholm Jr. (38979680),Jazz Chisholm Jr.,38979680,2B,4700,NYY@LAA 05/28/2025 09:38PM ET,NYY,8.27
C,Austin Wynns (38979521),Austin Wynns,38979521,C,4600,CIN@KC 05/28/2025 07:40PM ET,CIN,6.76
3B,Noelvi Marte (38979681),Noelvi Marte,38979681,3B,4600,CIN@KC 05/28/2025 07:40PM ET,CIN,9.37
OF,Daulton Varsho (38979523),Daulton Varsho,38979523,OF,4500,TOR@TEX 05/28/2025 08:05PM ET,TOR,9.38
2B,Dylan Moore (38979522),Dylan Moore,38979522,2B,4500,WSH@SEA 05/28/2025 09:40PM ET,SEA,7.42
1B,Paul Goldschmidt (38979524),Paul Goldschmidt,38979524,1B,4500,NYY@LAA 05/28/2025 09:38PM ET,NYY,8.37
SS,Anthony Volpe (38979525),Anthony Volpe,38979525,SS,4500,NYY@LAA 05/28/2025 09:38PM ET,NYY,8.13
OF,Ian Happ (38979526),Ian Happ,38979526,OF,4400,COL@CHC 05/28/2025 08:05PM ET,CHC,8.06
3B/SS,Jorge Polanco (38979527),Jorge Polanco,38979527,3B/SS,4400,WSH@SEA 05/28/2025 09:40PM ET,SEA,7.71
OF,Giancarlo Stanton (38979682),Giancarlo Stanton,38979682,OF,4400,NYY@LAA 05/28/2025 09:38PM ET,NYY,0
2B,Nico Hoerner (38979532),Nico Hoerner,38979532,2B,4300,COL@CHC 05/28/2025 08:05PM ET,CHC,8.06
SS,Josh Smith (38979531),Josh Smith,38979531,SS,4300,TOR@TEX 05/28/2025 08:05PM ET,TEX,6.10
3B,Maikel Garcia (38979529),Maikel Garcia,38979529,3B,4300,CIN@KC 05/28/2025 07:40PM ET,KC,7.91
C,Austin Wells (38979530),Austin Wells,38979530,C,4300,NYY@LAA 05/28/2025 09:38PM ET,NYY,6.81
OF,Luis Robert Jr. (38979535),Luis Robert Jr.,38979535,OF,4200,-,CWS,7.57
C,Hunter Goodman (38979533),Hunter Goodman,38979533,C,4200,COL@CHC 05/28/2025 08:05PM ET,COL,7.32
OF,George Springer (38979538),George Springer,38979538,OF,4200,TOR@TEX 05/28/2025 08:05PM ET,TOR,7.2
OF,Randy Arozarena (38979537),Randy Arozarena,38979537,OF,4200,WSH@SEA 05/28/2025 09:40PM ET,SEA,8
2B,Matt McLain (38979534),Matt McLain,38979534,2B,4200,CIN@KC 05/28/2025 07:40PM ET,CIN,7.02
OF,Jasson Dominguez (38979536),Jasson Dominguez,38979536,OF,4200,NYY@LAA 05/28/2025 09:38PM ET,NYY,7.69
OF,Jordan Beck (38979540),Jordan Beck,38979540,OF,4100,COL@CHC 05/28/2025 08:05PM ET,COL,8.31
C,Logan O'Hoppe (38979539),Logan O'Hoppe,38979539,C,4100,NYY@LAA 05/28/2025 09:38PM ET,LAA,7.29
3B,Yoan Moncada (38979541),Yoan Moncada,38979541,3B,4100,NYY@LAA 05/28/2025 09:38PM ET,LAA,7.56
SP,Wikelman Gonzalez (38979915),Wikelman Gonzalez,38979915,P,4000,-,CWS,0
RP,Tyler Zuber (38979920),Tyler Zuber,38979920,P,4000,-,NYM,0
RP,Prelander Berroa (38979930),Prelander Berroa,38979930,P,4000,-,CWS,0
RP,Reed Garrett (38979932),Reed Garrett,38979932,P,4000,-,NYM,3.68
RP,Cam Booser (38979933),Cam Booser,38979933,P,4000,-,CWS,2.34
RP,Jairo Iriarte (38979934),Jairo Iriarte,38979934,P,4000,-,CWS,0
RP,Fraser Ellard (38979935),Fraser Ellard,38979935,P,4000,-,CWS,2.89
RP,Ty Adcock (38979938),Ty Adcock,38979938,P,4000,-,NYM,-0.45
RP,Owen White (38979947),Owen White,38979947,P,4000,-,CWS,0
RP,Brandon Eisert (38979950),Brandon Eisert,38979950,P,4000,-,CWS,2.73
RP,Miguel Castro (38979957),Miguel Castro,38979957,P,4000,-,CWS,0.8
RP,Ryne Stanek (38979966),Ryne Stanek,38979966,P,4000,-,NYM,2.43
RP,Jose Castillo (38979967),Jose Castillo,38979967,P,4000,-,NYM,1.3
RP,Chris Devenski (38979969),Chris Devenski,38979969,P,4000,-,NYM,2.7
RP,Drew Smith (38979982),Drew Smith,38979982,P,4000,-,NYM,0
RP,Huascar Brazoban (38979985),Huascar Brazoban,38979985,P,4000,-,NYM,5.03
RP,Danny Young (38979988),Danny Young,38979988,P,4000,-,NYM,2.90
RP,A.J. Minter (38980000),A.J. Minter,38980000,P,4000,-,NYM,3.24
RP,Sean Reid-Foley (38980026),Sean Reid-Foley,38980026,P,4000,-,NYM,0
RP,Caleb Freeman (38980033),Caleb Freeman,38980033,P,4000,-,CWS,0.56
RP,Brooks Raley (38980039),Brooks Raley,38980039,P,4000,-,NYM,0
RP,Dedniel Nunez (38980042),Dedniel Nunez,38980042,P,4000,-,NYM,0.81
RP,Gus Varland (38980043),Gus Varland,38980043,P,4000,-,CWS,0
RP,Edwin Diaz (38980051),Edwin Diaz,38980051,P,4000,-,NYM,4.24
RP,Dan Altavilla (38980058),Dan Altavilla,38980058,P,4000,-,CWS,0
RP,Jordan Leasure (38980059),Jordan Leasure,38980059,P,4000,-,CWS,2.61
RP,Tommy Doyle (38979913),Tommy Doyle,38979913,P,4000,COL@CHC 05/28/2025 08:05PM ET,COL,0
RP,Brooks Kriske (38979923),Brooks Kriske,38979923,P,4000,COL@CHC 05/28/2025 08:05PM ET,CHC,4.7
RP,Seth Halvorsen (38979945),Seth Halvorsen,38979945,P,4000,COL@CHC 05/28/2025 08:05PM ET,COL,2.11
RP,Tyler Kinley (38979946),Tyler Kinley,38979946,P,4000,COL@CHC 05/28/2025 08:05PM ET,COL,1.52
RP,Angel Chivilli (38979951),Angel Chivilli,38979951,P,4000,COL@CHC 05/28/2025 08:05PM ET,COL,2.16
RP,Tom Cosgrove (38979952),Tom Cosgrove,38979952,P,4000,COL@CHC 05/28/2025 08:05PM ET,CHC,5.3
RP,Ryan Brasier (38979953),Ryan Brasier,38979953,P,4000,COL@CHC 05/28/2025 08:05PM ET,CHC,1.62
RP,Drew Pomeranz (38979958),Drew Pomeranz,38979958,P,4000,COL@CHC 05/28/2025 08:05PM ET,CHC,4.18
RP,Jeff Criswell (38979961),Jeff Criswell,38979961,P,4000,COL@CHC 05/28/2025 08:05PM ET,COL,0
RP,Ryan Rolison (38979962),Ryan Rolison,38979962,P,4000,COL@CHC 05/28/2025 08:05PM ET,COL,1.01
RP,Jake Bird (38979965),Jake Bird,38979965,P,4000,COL@CHC 05/28/2025 08:05PM ET,COL,5.16
RP,Jimmy Herget (38979968),Jimmy Herget,38979968,P,4000,COL@CHC 05/28/2025 08:05PM ET,COL,2.77
RP,Brad Keller (38979971),Brad Keller,38979971,P,4000,COL@CHC 05/28/2025 08:05PM ET,CHC,3.55
RP,Ethan Roberts (38979972),Ethan Roberts,38979972,P,4000,COL@CHC 05/28/2025 08:05PM ET,CHC,2.02
RP,Luis Peralta (38979990),Luis Peralta,38979990,P,4000,COL@CHC 05/28/2025 08:05PM ET,COL,0.82
RP,Porter Hodge (38979991),Porter Hodge,38979991,P,4000,COL@CHC 05/28/2025 08:05PM ET,CHC,2.39
RP,Zach Agnos (38979993),Zach Agnos,38979993,P,4000,COL@CHC 05/28/2025 08:05PM ET,COL,2.87
RP,Victor Vodnik (38979994),Victor Vodnik,38979994,P,4000,COL@CHC 05/28/2025 08:05PM ET,COL,2.02
RP,Gavin Hollowell (38979995),Gavin Hollowell,38979995,P,4000,COL@CHC 05/28/2025 08:05PM ET,CHC,3.49
RP,Scott Alexander (38979996),Scott Alexander,38979996,P,4000,COL@CHC 05/28/2025 08:05PM ET,COL,0.73
RP,Juan Mejia (38979999),Juan Mejia,38979999,P,4000,COL@CHC 05/28/2025 08:05PM ET,COL,4.76
RP,Jack Neely (38980003),Jack Neely,38980003,P,4000,COL@CHC 05/28/2025 08:05PM ET,CHC,0
RP,Caleb Thielbar (38980009),Caleb Thielbar,38980009,P,4000,COL@CHC 05/28/2025 08:05PM ET,CHC,2.77
RP,Luke Little (38980010),Luke Little,38980010,P,4000,COL@CHC 05/28/2025 08:05PM ET,CHC,-2.9
RP,Jaden Hill (38980016),Jaden Hill,38980016,P,4000,COL@CHC 05/28/2025 08:05PM ET,COL,3.67
SP,Anthony Molina (38980024),Anthony Molina,38980024,P,4000,COL@CHC 05/28/2025 08:05PM ET,COL,4.25
RP,Daniel Palencia (38980027),Daniel Palencia,38980027,P,4000,COL@CHC 05/28/2025 08:05PM ET,CHC,3.67
RP,Ryan Pressly (38980047),Ryan Pressly,38980047,P,4000,COL@CHC 05/28/2025 08:05PM ET,CHC,1.34
SS,Bo Bichette (38979544),Bo Bichette,38979544,SS,4000,TOR@TEX 05/28/2025 08:05PM ET,TOR,7.35
OF,Evan Carter (38979684),Evan Carter,38979684,OF,4000,TOR@TEX 05/28/2025 08:05PM ET,TEX,5.82
2B,Andres Gimenez (38979685),Andres Gimenez,38979685,2B,4000,TOR@TEX 05/28/2025 08:05PM ET,TOR,6.47
C,Tyler Heineman (38979686),Tyler Heineman,38979686,C,4000,TOR@TEX 05/28/2025 08:05PM ET,TOR,6.21
SP,Angel Bastardo (38979912),Angel Bastardo,38979912,P,4000,TOR@TEX 05/28/2025 08:05PM ET,TOR,0
RP,Luis Curvelo (38979916),Luis Curvelo,38979916,P,4000,TOR@TEX 05/28/2025 08:05PM ET,TEX,0
SP,Winston Santos (38979919),Winston Santos,38979919,P,4000,TOR@TEX 05/28/2025 08:05PM ET,TEX,0
SP,Adam Macko (38979922),Adam Macko,38979922,P,4000,TOR@TEX 05/28/2025 08:05PM ET,TOR,0
SP,Emiliano Teodo (38979925),Emiliano Teodo,38979925,P,4000,TOR@TEX 05/28/2025 08:05PM ET,TEX,0
SP,Jose Corniell (38979927),Jose Corniell,38979927,P,4000,TOR@TEX 05/28/2025 08:05PM ET,TEX,0
RP,Ryan Burr (38979943),Ryan Burr,38979943,P,4000,TOR@TEX 05/28/2025 08:05PM ET,TOR,0
RP,Paxton Schultz (38979944),Paxton Schultz,38979944,P,4000,TOR@TEX 05/28/2025 08:05PM ET,TOR,9.05
RP,Josh Sborz (38979954),Josh Sborz,38979954,P,4000,TOR@TEX 05/28/2025 08:05PM ET,TEX,0
RP,Hoby Milner (38979960),Hoby Milner,38979960,P,4000,TOR@TEX 05/28/2025 08:05PM ET,TEX,2.8
RP,Shawn Armstrong (38979981),Shawn Armstrong,38979981,P,4000,TOR@TEX 05/28/2025 08:05PM ET,TEX,3.31
RP,JT Chargois (38979984),JT Chargois,38979984,P,4000,TOR@TEX 05/28/2025 08:05PM ET,TEX,0
RP,Mason Fluharty (38980001),Mason Fluharty,38980001,P,4000,TOR@TEX 05/28/2025 08:05PM ET,TOR,3.15
RP,Marc Church (38980008),Marc Church,38980008,P,4000,TOR@TEX 05/28/2025 08:05PM ET,TEX,2.1
RP,Jacob Latz (38980013),Jacob Latz,38980013,P,4000,TOR@TEX 05/28/2025 08:05PM ET,TEX,4.16
RP,Gerson Garabito (38980018),Gerson Garabito,38980018,P,4000,TOR@TEX 05/28/2025 08:05PM ET,TEX,2.4
RP,Yimi Garcia (38980020),Yimi Garcia,38980020,P,4000,TOR@TEX 05/28/2025 08:05PM ET,TOR,3.13
RP,Caleb Boushley (38980022),Caleb Boushley,38980022,P,4000,TOR@TEX 05/28/2025 08:05PM ET,TEX,4.14
RP,Nick Sandlin (38980025),Nick Sandlin,38980025,P,4000,TOR@TEX 05/28/2025 08:05PM ET,TOR,2.68
RP,Chris Martin (38980028),Chris Martin,38980028,P,4000,TOR@TEX 05/28/2025 08:05PM ET,TEX,3.25
RP,Brendon Little (38980035),Brendon Little,38980035,P,4000,TOR@TEX 05/28/2025 08:05PM ET,TOR,4.31
RP,Robert Garcia (38980037),Robert Garcia,38980037,P,4000,TOR@TEX 05/28/2025 08:05PM ET,TEX,2.66
RP,Chad Green (38980041),Chad Green,38980041,P,4000,TOR@TEX 05/28/2025 08:05PM ET,TOR,2.65
RP,Jacob Webb (38980045),Jacob Webb,38980045,P,4000,TOR@TEX 05/28/2025 08:05PM ET,TEX,2.42
RP,Jeff Hoffman (38980053),Jeff Hoffman,38980053,P,4000,TOR@TEX 05/28/2025 08:05PM ET,TOR,3.95
RP,Luke Jackson (38980056),Luke Jackson,38980056,P,4000,TOR@TEX 05/28/2025 08:05PM ET,TEX,1.51
2B,Leo Rivas (38979545),Leo Rivas,38979545,2B,4000,WSH@SEA 05/28/2025 09:40PM ET,SEA,4.48
RP,Andry Lara (38979914),Andry Lara,38979914,P,4000,WSH@SEA 05/28/2025 09:40PM ET,WSH,0
RP,Neftali Feliz (38979917),Neftali Feliz,38979917,P,4000,WSH@SEA 05/28/2025 09:40PM ET,SEA,0
SP,Shinnosuke Ogasawara (38979928),Shinnosuke Ogasawara,38979928,P,4000,WSH@SEA 05/28/2025 09:40PM ET,WSH,0
SP,Mason Thompson (38979929),Mason Thompson,38979929,P,4000,WSH@SEA 05/28/2025 09:40PM ET,WSH,0
RP,Zach Brzykcy (38979940),Zach Brzykcy,38979940,P,4000,WSH@SEA 05/28/2025 09:40PM ET,WSH,0.82
RP,Kyle Finnegan (38979955),Kyle Finnegan,38979955,P,4000,WSH@SEA 05/28/2025 09:40PM ET,WSH,2.68
RP,Derek Law (38979956),Derek Law,38979956,P,4000,WSH@SEA 05/28/2025 09:40PM ET,WSH,0
RP,Jose A. Ferrer (38979975),Jose A. Ferrer,38979975,P,4000,WSH@SEA 05/28/2025 09:40PM ET,WSH,1.96
RP,Andrew Chafin (38979976),Andrew Chafin,38979976,P,4000,WSH@SEA 05/28/2025 09:40PM ET,WSH,2.34
SP,Cole Henry (38979979),Cole Henry,38979979,P,4000,WSH@SEA 05/28/2025 09:40PM ET,WSH,3.42
RP,Troy Taylor (38979986),Troy Taylor,38979986,P,4000,WSH@SEA 05/28/2025 09:40PM ET,SEA,-1.22
RP,Tayler Saucedo (38979997),Tayler Saucedo,38979997,P,4000,WSH@SEA 05/28/2025 09:40PM ET,SEA,-0.09
RP,Trent Thornton (38979998),Trent Thornton,38979998,P,4000,WSH@SEA 05/28/2025 09:40PM ET,SEA,1.74
RP,Eduard Bazardo (38980002),Eduard Bazardo,38980002,P,4000,WSH@SEA 05/28/2025 09:40PM ET,SEA,2.86
RP,Casey Legumina (38980014),Casey Legumina,38980014,P,4000,WSH@SEA 05/28/2025 09:40PM ET,SEA,3.53
RP,Gabe Speier (38980017),Gabe Speier,38980017,P,4000,WSH@SEA 05/28/2025 09:40PM ET,SEA,3.81
RP,Andres Munoz (38980023),Andres Munoz,38980023,P,4000,WSH@SEA 05/28/2025 09:40PM ET,SEA,4.38
RP,Will Klein (38980029),Will Klein,38980029,P,4000,WSH@SEA 05/28/2025 09:40PM ET,SEA,0
RP,Carlos Vargas (38980032),Carlos Vargas,38980032,P,4000,WSH@SEA 05/28/2025 09:40PM ET,SEA,2.96
RP,Orlando Ribalta (38980036),Orlando Ribalta,38980036,P,4000,WSH@SEA 05/28/2025 09:40PM ET,WSH,3.46
RP,Collin Snider (38980057),Collin Snider,38980057,P,4000,WSH@SEA 05/28/2025 09:40PM ET,SEA,3.19
RP,Gregory Santos (38980060),Gregory Santos,38980060,P,4000,WSH@SEA 05/28/2025 09:40PM ET,SEA,0.27
RP,Eduardo Salazar (38980061),Eduardo Salazar,38980061,P,4000,WSH@SEA 05/28/2025 09:40PM ET,WSH,0.10
OF,Will Benson (38979542),Will Benson,38979542,OF,4000,CIN@KC 05/28/2025 07:40PM ET,CIN,8.69
OF,Jake Fraley (38979683),Jake Fraley,38979683,OF,4000,CIN@KC 05/28/2025 07:40PM ET,CIN,5.64
RP,Eric Cerantola (38979924),Eric Cerantola,38979924,P,4000,CIN@KC 05/28/2025 07:40PM ET,KC,0
SP,Luinder Avila (38979926),Luinder Avila,38979926,P,4000,CIN@KC 05/28/2025 07:40PM ET,KC,0
RP,Taylor Rogers (38979931),Taylor Rogers,38979931,P,4000,CIN@KC 05/28/2025 07:40PM ET,CIN,2.34
RP,Scott Barlow (38979936),Scott Barlow,38979936,P,4000,CIN@KC 05/28/2025 07:40PM ET,CIN,2.23
RP,Ian Gibaut (38979937),Ian Gibaut,38979937,P,4000,CIN@KC 05/28/2025 07:40PM ET,CIN,1.48
RP,Sam Moll (38979939),Sam Moll,38979939,P,4000,CIN@KC 05/28/2025 07:40PM ET,CIN,-1.7
RP,Alexis Diaz (38979941),Alexis Diaz,38979941,P,4000,CIN@KC 05/28/2025 07:40PM ET,CIN,-0.92
RP,Luis Mey (38979942),Luis Mey,38979942,P,4000,CIN@KC 05/28/2025 07:40PM ET,CIN,3.17
RP,Emilio Pagan (38979949),Emilio Pagan,38979949,P,4000,CIN@KC 05/28/2025 07:40PM ET,CIN,3.11
RP,Steven Cruz (38979989),Steven Cruz,38979989,P,4000,CIN@KC 05/28/2025 07:40PM ET,KC,2.76
RP,Lucas Erceg (38979992),Lucas Erceg,38979992,P,4000,CIN@KC 05/28/2025 07:40PM ET,KC,2.91
RP,Yosver Zulueta (38980004),Yosver Zulueta,38980004,P,4000,CIN@KC 05/28/2025 07:40PM ET,CIN,2.32
RP,Evan Sisk (38980006),Evan Sisk,38980006,P,4000,CIN@KC 05/28/2025 07:40PM ET,KC,5.2
RP,Taylor Clarke (38980012),Taylor Clarke,38980012,P,4000,CIN@KC 05/28/2025 07:40PM ET,KC,4.72
RP,John Schreiber (38980015),John Schreiber,38980015,P,4000,CIN@KC 05/28/2025 07:40PM ET,KC,2.50
SP,Tony Santillan (38980044),Tony Santillan,38980044,P,4000,CIN@KC 05/28/2025 07:40PM ET,CIN,2.54
RP,Brent Suter (38980052),Brent Suter,38980052,P,4000,CIN@KC 05/28/2025 07:40PM ET,CIN,3.86
RP,Carlos Estevez (38980054),Carlos Estevez,38980054,P,4000,CIN@KC 05/28/2025 07:40PM ET,KC,3.41
RP,Hunter Harvey (38980055),Hunter Harvey,38980055,P,4000,CIN@KC 05/28/2025 07:40PM ET,KC,4.23
OF,Taylor Ward (38979543),Taylor Ward,38979543,OF,4000,NYY@LAA 05/28/2025 09:38PM ET,LAA,8.36
RP,Robert Stephenson (38979918),Robert Stephenson,38979918,P,4000,NYY@LAA 05/28/2025 09:38PM ET,LAA,0
RP,Sam Bachman (38979921),Sam Bachman,38979921,P,4000,NYY@LAA 05/28/2025 09:38PM ET,LAA,0
RP,Luke Weaver (38979948),Luke Weaver,38979948,P,4000,NYY@LAA 05/28/2025 09:38PM ET,NYY,3.97
RP,Brock Burke (38979959),Brock Burke,38979959,P,4000,NYY@LAA 05/28/2025 09:38PM ET,LAA,2.05
RP,Ryan Johnson (38979963),Ryan Johnson,38979963,P,4000,NYY@LAA 05/28/2025 09:38PM ET,LAA,1.97
RP,Michael Darrell-Hicks (38979964),Michael Darrell-Hicks,38979964,P,4000,NYY@LAA 05/28/2025 09:38PM ET,LAA,1.38
RP,Hector Neris (38979970),Hector Neris,38979970,P,4000,NYY@LAA 05/28/2025 09:38PM ET,LAA,1.89
RP,Jose Fermin (38979973),Jose Fermin,38979973,P,4000,NYY@LAA 05/28/2025 09:38PM ET,LAA,2.47
RP,Ryan Zeferjahn (38979974),Ryan Zeferjahn,38979974,P,4000,NYY@LAA 05/28/2025 09:38PM ET,LAA,3.13
RP,Yerry de los Santos (38979977),Yerry de los Santos,38979977,P,4000,NYY@LAA 05/28/2025 09:38PM ET,NYY,3.64
RP,Victor Mederos (38979978),Victor Mederos,38979978,P,4000,NYY@LAA 05/28/2025 09:38PM ET,LAA,3.75
RP,Jonathan Loaisiga (38979980),Jonathan Loaisiga,38979980,P,4000,NYY@LAA 05/28/2025 09:38PM ET,NYY,2.76
RP,Tim Hill (38979983),Tim Hill,38979983,P,4000,NYY@LAA 05/28/2025 09:38PM ET,NYY,2.46
RP,Jake Eder (38979987),Jake Eder,38979987,P,4000,NYY@LAA 05/28/2025 09:38PM ET,LAA,2.48
RP,Scott Effross (38980005),Scott Effross,38980005,P,4000,NYY@LAA 05/28/2025 09:38PM ET,NYY,0
RP,Devin Williams (38980007),Devin Williams,38980007,P,4000,NYY@LAA 05/28/2025 09:38PM ET,NYY,2.29
RP,Mark Leiter Jr. (38980011),Mark Leiter Jr.,38980011,P,4000,NYY@LAA 05/28/2025 09:38PM ET,NYY,4.06
RP,Hunter Strickland (38980019),Hunter Strickland,38980019,P,4000,NYY@LAA 05/28/2025 09:38PM ET,LAA,3.11
RP,Connor Brogdon (38980021),Connor Brogdon,38980021,P,4000,NYY@LAA 05/28/2025 09:38PM ET,LAA,2.09
RP,Tyler Matzek (38980030),Tyler Matzek,38980030,P,4000,NYY@LAA 05/28/2025 09:38PM ET,NYY,1.81
RP,Clayton Beeter (38980031),Clayton Beeter,38980031,P,4000,NYY@LAA 05/28/2025 09:38PM ET,NYY,0
RP,Jake Cousins (38980034),Jake Cousins,38980034,P,4000,NYY@LAA 05/28/2025 09:38PM ET,NYY,0
RP,Fernando Cruz (38980038),Fernando Cruz,38980038,P,4000,NYY@LAA 05/28/2025 09:38PM ET,NYY,4.68
RP,Ian Hamilton (38980040),Ian Hamilton,38980040,P,4000,NYY@LAA 05/28/2025 09:38PM ET,NYY,3.61
RP,Brent Headrick (38980046),Brent Headrick,38980046,P,4000,NYY@LAA 05/28/2025 09:38PM ET,NYY,6.49
RP,Hans Crouse (38980048),Hans Crouse,38980048,P,4000,NYY@LAA 05/28/2025 09:38PM ET,LAA,0
RP,Kenley Jansen (38980049),Kenley Jansen,38980049,P,4000,NYY@LAA 05/28/2025 09:38PM ET,LAA,2.05
RP,Ben Joyce (38980050),Ben Joyce,38980050,P,4000,NYY@LAA 05/28/2025 09:38PM ET,LAA,1.23
OF,Adolis Garcia (38979546),Adolis Garcia,38979546,OF,3900,TOR@TEX 05/28/2025 08:05PM ET,TEX,6.06
1B,Nathaniel Lowe (38979548),Nathaniel Lowe,38979548,1B,3900,WSH@SEA 05/28/2025 09:40PM ET,WSH,6.76
OF,Victor Robles (38979687),Victor Robles,38979687,OF,3900,WSH@SEA 05/28/2025 09:40PM ET,SEA,7.1
C,Tyler Stephenson (38979547),Tyler Stephenson,38979547,C,3900,CIN@KC 05/28/2025 07:40PM ET,CIN,6.8
OF,Brandon Nimmo (38979551),Brandon Nimmo,38979551,OF,3800,-,NYM,6.47
3B,Josh Jung (38979549),Josh Jung,38979549,3B,3800,TOR@TEX 05/28/2025 08:05PM ET,TEX,7.06
C,Jose Trevino (38979550),Jose Trevino,38979550,C,3800,CIN@KC 05/28/2025 07:40PM ET,CIN,5.65
1B,Spencer Steer (38979552),Spencer Steer,38979552,1B,3800,CIN@KC 05/28/2025 07:40PM ET,CIN,5.98
SS,Chase Meidroth (38979555),Chase Meidroth,38979555,SS,3700,-,CWS,7.19
3B,Ryan McMahon (38979556),Ryan McMahon,38979556,3B,3700,COL@CHC 05/28/2025 08:05PM ET,COL,6.11
C,Miguel Amaya (38979688),Miguel Amaya,38979688,C,3700,COL@CHC 05/28/2025 08:05PM ET,CHC,7.85
OF,Sam Haggerty (38979553),Sam Haggerty,38979553,OF,3700,TOR@TEX 05/28/2025 08:05PM ET,TEX,5.53
1B,Jake Burger (38979557),Jake Burger,38979557,1B,3700,TOR@TEX 05/28/2025 08:05PM ET,TEX,5.89
2B,Luis Garcia Jr. (38979558),Luis Garcia Jr.,38979558,2B,3700,WSH@SEA 05/28/2025 09:40PM ET,WSH,6.45
OF,Luke Raley (38979689),Luke Raley,38979689,OF,3700,WSH@SEA 05/28/2025 09:40PM ET,SEA,5.67
OF,Gavin Lux (38979554),Gavin Lux,38979554,OF,3700,CIN@KC 05/28/2025 07:40PM ET,CIN,6.38
C,Salvador Perez (38979559),Salvador Perez,38979559,C,3700,CIN@KC 05/28/2025 07:40PM ET,KC,5.58
OF,Mike Tauchman (38979562),Mike Tauchman,38979562,OF,3600,-,CWS,7.88
SS,Ezequiel Tovar (38979561),Ezequiel Tovar,38979561,SS,3600,COL@CHC 05/28/2025 08:05PM ET,COL,7.15
OF,Anthony Santander (38979560),Anthony Santander,38979560,OF,3600,TOR@TEX 05/28/2025 08:05PM ET,TOR,5.35
C,Jonah Heim (38979566),Jonah Heim,38979566,C,3600,TOR@TEX 05/28/2025 08:05PM ET,TEX,5.75
3B,Santiago Espinal (38979565),Santiago Espinal,38979565,3B,3600,CIN@KC 05/28/2025 07:40PM ET,CIN,5.26
1B/2B,DJ LeMahieu (38979563),DJ LeMahieu,38979563,1B/2B,3600,NYY@LAA 05/28/2025 09:38PM ET,NYY,4
OF,Andrew Benintendi (38979567),Andrew Benintendi,38979567,OF,3500,-,CWS,6.45
3B,Matt Shaw (38979569),Matt Shaw,38979569,3B,3500,COL@CHC 05/28/2025 08:05PM ET,CHC,6.69
OF,Brenton Doyle (38979571),Brenton Doyle,38979571,OF,3500,COL@CHC 05/28/2025 08:05PM ET,COL,6.54
C,Alejandro Kirk (38979572),Alejandro Kirk,38979572,C,3500,TOR@TEX 05/28/2025 08:05PM ET,TOR,5.56
SS,J.P. Crawford (38979570),J.P. Crawford,38979570,SS,3500,WSH@SEA 05/28/2025 09:40PM ET,SEA,6.78
OF,Dylan Crews (38979691),Dylan Crews,38979691,OF,3500,WSH@SEA 05/28/2025 09:40PM ET,WSH,6.98
OF,Rece Hinds (38979690),Rece Hinds,38979690,OF,3500,CIN@KC 05/28/2025 07:40PM ET,CIN,5.29
1B,Nolan Schanuel (38979568),Nolan Schanuel,38979568,1B,3500,NYY@LAA 05/28/2025 09:38PM ET,LAA,6.52
2B,Luisangel Acuna (38979577),Luisangel Acuna,38979577,2B,3400,-,NYM,5
OF,Nathan Lukes (38979579),Nathan Lukes,38979579,OF,3400,TOR@TEX 05/28/2025 08:05PM ET,TOR,5.24
2B/3B,Amed Rosario (38979573),Amed Rosario,38979573,2B/3B,3400,WSH@SEA 05/28/2025 09:40PM ET,WSH,6.14
OF,Alex Call (38979578),Alex Call,38979578,OF,3400,WSH@SEA 05/28/2025 09:40PM ET,WSH,5.55
C,Keibert Ruiz (38979580),Keibert Ruiz,38979580,C,3400,WSH@SEA 05/28/2025 09:40PM ET,WSH,5.69
1B,Vinnie Pasquantino (38979575),Vinnie Pasquantino,38979575,1B,3400,CIN@KC 05/28/2025 07:40PM ET,KC,6.73
1B/3B,Jeimer Candelario (38979693),Jeimer Candelario,38979693,1B/3B,3400,CIN@KC 05/28/2025 07:40PM ET,CIN,4.04
OF,Jorge Soler (38979576),Jorge Soler,38979576,OF,3400,NYY@LAA 05/28/2025 09:38PM ET,LAA,6.06
3B,Anthony Rendon (38979692),Anthony Rendon,38979692,3B,3400,NYY@LAA 05/28/2025 09:38PM ET,LAA,0
1B/3B,Miguel Vargas (38979581),Miguel Vargas,38979581,1B/3B,3300,-,CWS,7.15
C,Edgar Quero (38979586),Edgar Quero,38979586,C,3300,-,CWS,4.78
2B/OF,Tyler Freeman (38979584),Tyler Freeman,38979584,2B/OF,3300,COL@CHC 05/28/2025 08:05PM ET,COL,4.12
OF,Leody Taveras (38979583),Leody Taveras,38979583,OF,3300,WSH@SEA 05/28/2025 09:40PM ET,SEA,4.85
3B,Mark Vientos (38979587),Mark Vientos,38979587,3B,3200,-,NYM,5.98
2B/OF,Jeff McNeil (38979588),Jeff McNeil,38979588,2B/OF,3200,-,NYM,5.62
OF,Michael A. Taylor (38979590),Michael A. Taylor,38979590,OF,3200,-,CWS,3.85
1B,Tim Elko (38979695),Tim Elko,38979695,1B,3200,-,CWS,5.6
1B,Michael Toglia (38979591),Michael Toglia,38979591,1B,3200,COL@CHC 05/28/2025 08:05PM ET,COL,5.5
OF,Drew Waters (38979592),Drew Waters,38979592,OF,3200,CIN@KC 05/28/2025 07:40PM ET,KC,5.78
C,J.C. Escarra (38979593),J.C. Escarra,38979593,C,3200,NYY@LAA 05/28/2025 09:38PM ET,NYY,4.58
OF,Kyren Paris (38979696),Kyren Paris,38979696,OF,3200,NYY@LAA 05/28/2025 09:38PM ET,LAA,5.81
3B,Brett Baty (38979594),Brett Baty,38979594,3B,3100,-,NYM,5.78
C,Francisco Alvarez (38979597),Francisco Alvarez,38979597,C,3100,-,NYM,5.04
OF,Mickey Moniak (38979599),Mickey Moniak,38979599,OF,3100,COL@CHC 05/28/2025 08:05PM ET,COL,4.82
1B,Rowdy Tellez (38979598),Rowdy Tellez,38979598,1B,3100,WSH@SEA 05/28/2025 09:40PM ET,SEA,5.27
1B,Andres Chaparro (38979697),Andres Chaparro,38979697,1B,3100,WSH@SEA 05/28/2025 09:40PM ET,WSH,0
2B,Jonathan India (38979595),Jonathan India,38979595,2B,3100,CIN@KC 05/28/2025 07:40PM ET,KC,5.59
OF,Jo Adell (38979596),Jo Adell,38979596,OF,3100,NYY@LAA 05/28/2025 09:38PM ET,LAA,5
OF,Starling Marte (38979605),Starling Marte,38979605,OF,3000,-,NYM,4.81
C,Matt Thaiss (38979607),Matt Thaiss,38979607,C,3000,-,CWS,4.57
OF,Jesse Winker (38979699),Jesse Winker,38979699,OF,3000,-,NYM,5.58
3B/OF,Kris Bryant (38979700),Kris Bryant,38979700,3B/OF,3000,COL@CHC 05/28/2025 08:05PM ET,COL,2.91
2B,Marcus Semien (38979602),Marcus Semien,38979602,2B,3000,TOR@TEX 05/28/2025 08:05PM ET,TEX,4.54
OF,Myles Straw (38979604),Myles Straw,38979604,OF,3000,TOR@TEX 05/28/2025 08:05PM ET,TOR,3.32
3B/OF,Nick Loftin (38979600),Nick Loftin,38979600,3B/OF,3000,CIN@KC 05/28/2025 07:40PM ET,KC,4.5
OF,Kyle Isbel (38979606),Kyle Isbel,38979606,OF,3000,CIN@KC 05/28/2025 07:40PM ET,KC,4.41
1B,Christian Encarnacion-Strand (38979698),Christian Encarnacion-Strand,38979698,1B,3000,CIN@KC 05/28/2025 07:40PM ET,CIN,4.47
OF,Matthew Lugo (38979603),Matthew Lugo,38979603,OF,3000,NYY@LAA 05/28/2025 09:38PM ET,LAA,5.79
1B/2B,Lenyn Sosa (38979609),Lenyn Sosa,38979609,1B/2B,2900,-,CWS,5.15
OF,Tyrone Taylor (38979614),Tyrone Taylor,38979614,OF,2900,-,NYM,5
1B/SS,Kyle Farmer (38979611),Kyle Farmer,38979611,1B/SS,2900,COL@CHC 05/28/2025 08:05PM ET,COL,4.66
C,Moises Ballesteros (38979702),Moises Ballesteros,38979702,C,2900,COL@CHC 05/28/2025 08:05PM ET,CHC,5
OF,Sean Bouchard (38979704),Sean Bouchard,38979704,OF,2900,COL@CHC 05/28/2025 08:05PM ET,COL,2.97
3B,Addison Barger (38979608),Addison Barger,38979608,3B,2900,TOR@TEX 05/28/2025 08:05PM ET,TOR,5.27
C,Mitch Garver (38979615),Mitch Garver,38979615,C,2900,WSH@SEA 05/28/2025 09:40PM ET,SEA,4.25
OF,Mark Canha (38979613),Mark Canha,38979613,OF,2900,CIN@KC 05/28/2025 07:40PM ET,KC,3.46
3B,Oswaldo Cabrera (38979703),Oswaldo Cabrera,38979703,3B,2900,NYY@LAA 05/28/2025 09:38PM ET,NYY,5.15
OF,Joshua Palacios (38979618),Joshua Palacios,38979618,OF,2800,-,CWS,4.08
C,Riley Adams (38979616),Riley Adams,38979616,C,2800,WSH@SEA 05/28/2025 09:40PM ET,WSH,4.08
1B,Josh Bell (38979617),Josh Bell,38979617,1B,2800,WSH@SEA 05/28/2025 09:40PM ET,WSH,4.84
3B,Ben Williamson (38979619),Ben Williamson,38979619,3B,2800,WSH@SEA 05/28/2025 09:40PM ET,SEA,5.09
1B,Juan Yepez (38979705),Juan Yepez,38979705,1B,2800,WSH@SEA 05/28/2025 09:40PM ET,WSH,0
2B/3B,Jorbit Vivas (38979620),Jorbit Vivas,38979620,2B/3B,2800,NYY@LAA 05/28/2025 09:38PM ET,NYY,3
2B,Luis Rengifo (38979622),Luis Rengifo,38979622,2B,2800,NYY@LAA 05/28/2025 09:38PM ET,LAA,4.20
C,Luis Torrens (38979623),Luis Torrens,38979623,C,2700,-,NYM,4.88
1B,Andrew Vaughn (38979706),Andrew Vaughn,38979706,1B,2700,-,CWS,4.71
1B,Justin Turner (38979624),Justin Turner,38979624,1B,2700,COL@CHC 05/28/2025 08:05PM ET,CHC,3.81
3B/SS,Vidal Brujan (38979626),Vidal Brujan,38979626,3B/SS,2700,COL@CHC 05/28/2025 08:05PM ET,CHC,2
C,Braxton Fulford (38979708),Braxton Fulford,38979708,C,2700,COL@CHC 05/28/2025 08:05PM ET,COL,3.5
2B,Ryan Bliss (38979707),Ryan Bliss,38979707,2B,2700,WSH@SEA 05/28/2025 09:40PM ET,SEA,5.09
2B/OF,Michael Massey (38979628),Michael Massey,38979628,2B/OF,2700,CIN@KC 05/28/2025 07:40PM ET,KC,4
3B,Oswald Peraza (38979625),Oswald Peraza,38979625,3B,2700,NYY@LAA 05/28/2025 09:38PM ET,NYY,3.82
OF,Austin Slater (38979634),Austin Slater,38979634,OF,2600,-,CWS,4.5
OF,Nick Martini (38979635),Nick Martini,38979635,OF,2600,COL@CHC 05/28/2025 08:05PM ET,COL,2.98
C,Drew Romo (38979712),Drew Romo,38979712,C,2600,COL@CHC 05/28/2025 08:05PM ET,COL,0
1B,Blaine Crim (38979632),Blaine Crim,38979632,1B,2600,TOR@TEX 05/28/2025 08:05PM ET,TEX,1.2
C,Kyle Higashioka (38979633),Kyle Higashioka,38979633,C,2600,TOR@TEX 05/28/2025 08:05PM ET,TEX,4.19
1B/2B,Ernie Clement (38979638),Ernie Clement,38979638,1B/2B,2600,TOR@TEX 05/28/2025 08:05PM ET,TOR,4.15
OF,Dustin Harris (38979709),Dustin Harris,38979709,OF,2600,TOR@TEX 05/28/2025 08:05PM ET,TEX,3.31
2B/SS,Nasim Nunez (38979630),Nasim Nunez,38979630,2B/SS,2600,WSH@SEA 05/28/2025 09:40PM ET,WSH,4.26
2B/3B,Jose Tena (38979636),Jose Tena,38979636,2B/3B,2600,WSH@SEA 05/28/2025 09:40PM ET,WSH,4.82
2B/3B,Braden Shewmake (38979710),Braden Shewmake,38979710,2B/3B,2600,NYY@LAA 05/28/2025 09:38PM ET,NYY,0
1B/3B,Brandon Drury (38979713),Brandon Drury,38979713,1B/3B,2500,-,CWS,0
OF,Brooks Baldwin (38979715),Brooks Baldwin,38979715,OF,2500,-,CWS,4.34
2B,Adael Amador (38979645),Adael Amador,38979645,2B,2500,COL@CHC 05/28/2025 08:05PM ET,COL,3.03
OF,Alejandro Osuna (38979641),Alejandro Osuna,38979641,OF,2500,TOR@TEX 05/28/2025 08:05PM ET,TEX,4.33
OF,Rhylan Thomas (38979716),Rhylan Thomas,38979716,OF,2500,WSH@SEA 05/28/2025 09:40PM ET,SEA,5
OF,Dairon Blanco (38979642),Dairon Blanco,38979642,OF,2500,CIN@KC 05/28/2025 07:40PM ET,KC,4.33
C,Travis d'Arnaud (38979640),Travis d'Arnaud,38979640,C,2500,NYY@LAA 05/28/2025 09:38PM ET,LAA,3.88
2B/3B,Pablo Reyes (38979643),Pablo Reyes,38979643,2B/3B,2500,NYY@LAA 05/28/2025 09:38PM ET,NYY,1.7
OF,Jose Siri (38979718),Jose Siri,38979718,OF,2400,-,NYM,3.5
C,Reese McGuire (38979646),Reese McGuire,38979646,C,2400,COL@CHC 05/28/2025 08:05PM ET,CHC,9.33
3B,Jon Berti (38979653),Jon Berti,38979653,3B,2400,COL@CHC 05/28/2025 08:05PM ET,CHC,4.36
OF,Alan Roden (38979720),Alan Roden,38979720,OF,2400,TOR@TEX 05/28/2025 08:05PM ET,TOR,3.36
2B/OF,Miles Mastrobuoni (38979648),Miles Mastrobuoni,38979648,2B/OF,2400,WSH@SEA 05/28/2025 09:40PM ET,SEA,3.45
OF,Robert Hassell III (38979652),Robert Hassell III,38979652,OF,2400,WSH@SEA 05/28/2025 09:40PM ET,WSH,3.4
OF,Dominic Canzone (38979719),Dominic Canzone,38979719,OF,2400,WSH@SEA 05/28/2025 09:40PM ET,SEA,0
1B/OF,Connor Joe (38979650),Connor Joe,38979650,1B/OF,2400,CIN@KC 05/28/2025 07:40PM ET,CIN,2.69
3B/OF,Garrett Hampson (38979654),Garrett Hampson,38979654,3B/OF,2400,CIN@KC 05/28/2025 07:40PM ET,CIN,3.63
OF,Blake Dunn (38979717),Blake Dunn,38979717,OF,2400,CIN@KC 05/28/2025 07:40PM ET,CIN,3.57
2B,Tim Anderson (38979647),Tim Anderson,38979647,2B,2400,NYY@LAA 05/28/2025 09:38PM ET,LAA,3.10
2B/3B,Aaron Schunk (38979658),Aaron Schunk,38979658,2B/3B,2300,COL@CHC 05/28/2025 08:05PM ET,COL,2
C,Tucker Barnhart (38979656),Tucker Barnhart,38979656,C,2300,TOR@TEX 05/28/2025 08:05PM ET,TEX,1.86
OF,Jonatan Clase (38979657),Jonatan Clase,38979657,OF,2300,TOR@TEX 05/28/2025 08:05PM ET,TOR,5.64
OF,Gustavo Campero (38979721),Gustavo Campero,38979721,OF,2300,NYY@LAA 05/28/2025 09:38PM ET,LAA,3.4
1B,Jared Young (38979663),Jared Young,38979663,1B,2200,-,NYM,6.25
C,Jacob Stallings (38979660),Jacob Stallings,38979660,C,2200,COL@CHC 05/28/2025 08:05PM ET,COL,2.89
OF,Joc Pederson (38979722),Joc Pederson,38979722,OF,2200,TOR@TEX 05/28/2025 08:05PM ET,TEX,3.48
2B,Leo Jimenez (38979723),Leo Jimenez,38979723,2B,2200,TOR@TEX 05/28/2025 08:05PM ET,TOR,0
2B/OF,Chris Taylor (38979661),Chris Taylor,38979661,2B/OF,2200,NYY@LAA 05/28/2025 09:38PM ET,LAA,1.23
2B/3B,Kevin Newman (38979664),Kevin Newman,38979664,2B/3B,2200,NYY@LAA 05/28/2025 09:38PM ET,LAA,2.5
3B/OF,Josh Rojas (38979667),Josh Rojas,38979667,3B/OF,2100,-,CWS,3.26
3B/SS,Vinny Capra (38979669),Vinny Capra,38979669,3B/SS,2100,-,CWS,1.79
SS,Nick Ahmed (38979724),Nick Ahmed,38979724,SS,2100,TOR@TEX 05/28/2025 08:05PM ET,TEX,1.8
C,Freddy Fermin (38979666),Freddy Fermin,38979666,C,2100,CIN@KC 05/28/2025 07:40PM ET,KC,3.97
OF,Jacob Hurtubise (38979725),Jacob Hurtubise,38979725,OF,2100,CIN@KC 05/28/2025 07:40PM ET,CIN,1.25
3B,Bryan Ramos (38979728),Bryan Ramos,38979728,3B,2000,-,CWS,0
1B/3B,Bobby Dalbec (38979730),Bobby Dalbec,38979730,1B/3B,2000,-,CWS,3.71
SS,Colson Montgomery (38979735),Colson Montgomery,38979735,SS,2000,-,CWS,0
SS,Ronny Mauricio (38979740),Ronny Mauricio,38979740,SS,2000,-,NYM,0
2B/3B,Nick Madrigal (38979748),Nick Madrigal,38979748,2B/3B,2000,-,NYM,0
C,Korey Lee (38979753),Korey Lee,38979753,C,2000,-,CWS,3.44
C,Hayden Senger (38979763),Hayden Senger,38979763,C,2000,-,NYM,1.92
OF,Owen Caissie (38979733),Owen Caissie,38979733,OF,2000,COL@CHC 05/28/2025 08:05PM ET,CHC,0
3B/SS,Ben Cowles (38979736),Ben Cowles,38979736,3B/SS,2000,COL@CHC 05/28/2025 08:05PM ET,CHC,0
OF,Yanquiel Fernandez (38979739),Yanquiel Fernandez,38979739,OF,2000,COL@CHC 05/28/2025 08:05PM ET,COL,0
2B,Thairo Estrada (38979743),Thairo Estrada,38979743,2B,2000,COL@CHC 05/28/2025 08:05PM ET,COL,0
OF,Zac Veen (38979754),Zac Veen,38979754,OF,2000,COL@CHC 05/28/2025 08:05PM ET,COL,3.17
OF,Kevin Alcantara (38979762),Kevin Alcantara,38979762,OF,2000,COL@CHC 05/28/2025 08:05PM ET,CHC,0
1B/2B,Owen Miller (38979764),Owen Miller,38979764,1B/2B,2000,COL@CHC 05/28/2025 08:05PM ET,COL,2.11
2B,Michael Stefanic (38979671),Michael Stefanic,38979671,2B,2000,TOR@TEX 05/28/2025 08:05PM ET,TOR,2.14
3B/SS,Ezequiel Duran (38979673),Ezequiel Duran,38979673,3B/SS,2000,TOR@TEX 05/28/2025 08:05PM ET,TEX,1.47
C,Ali Sanchez (38979675),Ali Sanchez,38979675,C,2000,TOR@TEX 05/28/2025 08:05PM ET,TOR,3
OF,Cody Thomas (38979738),Cody Thomas,38979738,OF,2000,TOR@TEX 05/28/2025 08:05PM ET,TEX,0
1B/3B,Will Wagner (38979757),Will Wagner,38979757,1B/3B,2000,TOR@TEX 05/28/2025 08:05PM ET,TOR,3.5
OF,Joey Loperfido (38979759),Joey Loperfido,38979759,OF,2000,TOR@TEX 05/28/2025 08:05PM ET,TOR,0
SS,Alan Trejo (38979766),Alan Trejo,38979766,SS,2000,TOR@TEX 05/28/2025 08:05PM ET,TEX,2.5
2B,Justin Foscue (38979767),Justin Foscue,38979767,2B,2000,TOR@TEX 05/28/2025 08:05PM ET,TEX,0
SS,Orelvis Martinez (38979770),Orelvis Martinez,38979770,SS,2000,TOR@TEX 05/28/2025 08:05PM ET,TOR,0
2B/OF,Davis Schneider (38979772),Davis Schneider,38979772,2B/OF,2000,TOR@TEX 05/28/2025 08:05PM ET,TOR,2.1
2B/SS,Michael Helman (38979775),Michael Helman,38979775,2B/SS,2000,TOR@TEX 05/28/2025 08:05PM ET,TEX,0
OF,Daylen Lile (38979676),Daylen Lile,38979676,OF,2000,WSH@SEA 05/28/2025 09:40PM ET,WSH,1.5
1B,Donovan Solano (38979677),Donovan Solano,38979677,1B,2000,WSH@SEA 05/28/2025 09:40PM ET,SEA,1.79
C,Blake Hunt (38979734),Blake Hunt,38979734,C,2000,WSH@SEA 05/28/2025 09:40PM ET,SEA,0
OF,Stone Garrett (38979742),Stone Garrett,38979742,OF,2000,WSH@SEA 05/28/2025 09:40PM ET,WSH,0
1B,Tyler Locklear (38979744),Tyler Locklear,38979744,1B,2000,WSH@SEA 05/28/2025 09:40PM ET,SEA,0
OF,Jacob Young (38979745),Jacob Young,38979745,OF,2000,WSH@SEA 05/28/2025 09:40PM ET,WSH,4.42
3B/SS,Paul DeJong (38979746),Paul DeJong,38979746,3B/SS,2000,WSH@SEA 05/28/2025 09:40PM ET,WSH,4.19
C,Drew Millas (38979750),Drew Millas,38979750,C,2000,WSH@SEA 05/28/2025 09:40PM ET,WSH,0
3B,Trey Lipscomb (38979751),Trey Lipscomb,38979751,3B,2000,WSH@SEA 05/28/2025 09:40PM ET,WSH,2.67
OF,Mitch Haniger (38979752),Mitch Haniger,38979752,OF,2000,WSH@SEA 05/28/2025 09:40PM ET,SEA,0
2B,Darren Baker (38979756),Darren Baker,38979756,2B,2000,WSH@SEA 05/28/2025 09:40PM ET,WSH,0
OF,Samad Taylor (38979761),Samad Taylor,38979761,OF,2000,WSH@SEA 05/28/2025 09:40PM ET,SEA,1.25
OF,John Rave (38979672),John Rave,38979672,OF,2000,CIN@KC 05/28/2025 07:40PM ET,KC,1
OF,Cavan Biggio (38979726),Cavan Biggio,38979726,OF,2000,CIN@KC 05/28/2025 07:40PM ET,KC,2.76
OF,MJ Melendez (38979727),MJ Melendez,38979727,OF,2000,CIN@KC 05/28/2025 07:40PM ET,KC,2.56
2B,Tyler Tolbert (38979729),Tyler Tolbert,38979729,2B,2000,CIN@KC 05/28/2025 07:40PM ET,KC,2.77
OF,Tyler Callihan (38979760),Tyler Callihan,38979760,OF,2000,CIN@KC 05/28/2025 07:40PM ET,CIN,1.25
OF,Tyler Gentry (38979769),Tyler Gentry,38979769,OF,2000,CIN@KC 05/28/2025 07:40PM ET,KC,0
OF,Joey Wiemer (38979774),Joey Wiemer,38979774,OF,2000,CIN@KC 05/28/2025 07:40PM ET,KC,0
C,Jesus Rodriguez (38979732),Jesus Rodriguez,38979732,C,2000,NYY@LAA 05/28/2025 09:38PM ET,NYY,0
OF,Everson Pereira (38979741),Everson Pereira,38979741,OF,2000,NYY@LAA 05/28/2025 09:38PM ET,NYY,0
OF,Bryan De La Cruz (38979755),Bryan De La Cruz,38979755,OF,2000,NYY@LAA 05/28/2025 09:38PM ET,NYY,2.62
1B,Niko Kavadas (38979768),Niko Kavadas,38979768,1B,2000,NYY@LAA 05/28/2025 09:38PM ET,LAA,0
C,Chuckie Robinson (38979771),Chuckie Robinson,38979771,C,2000,NYY@LAA 05/28/2025 09:38PM ET,LAA,0
